{"cameraMode":{"drawMode":0,"name":"Shaded","section":"Shading Mode"},"sceneLighting":true,"audioPlay":false,"sceneViewState":{"m_AlwaysRefresh":false,"showFog":true,"showSkybox":true,"showFlares":true,"showImageEffects":true,"showParticleSystems":true,"showVisualEffectGraphs":true,"m_FxEnabled":true},"in2DMode":false,"pivot":{"x":5.8727803230285648,"y":2.0401268005371095,"z":1.328889012336731},"rotation":{"x":-0.05538962036371231,"y":0.0613974891602993,"z":-0.0031981831416487695,"w":-0.9967092871665955},"size":1.1757546663284302,"orthographic":false}